sequence,method,volume,slice,y_true,score
AXT1POST,DPMM,file_brain_AXT1POST_207_2070010,8,0,12.121565818786621
AXT1POST,DPMM,file_brain_AXT1POST_208_2080493,5,0,12.838214874267578
AXT1POST,DPMM,file_brain_AXT1POST_201_6002795,10,0,11.908689498901367
AXT1POST,DPMM,file_brain_AXT1POST_207_2070214,6,0,13.429960250854492
AXT1POST,DPMM,file_brain_AXT1POST_208_2080275,5,0,11.301851272583008
AXT1POST,DPMM,file_brain_AXT1POST_201_6002760,10,0,12.324421882629395
AXT1POST,DPMM,file_brain_AXT1POST_201_6002778,7,0,13.587335586547852
AXT1POST,DPMM,file_brain_AXT1POST_207_2070418,12,0,12.70341968536377
AXT1POST,DPMM,file_brain_AXT1POST_200_6002259,8,0,11.288941383361816
AXT1POST,DPMM,file_brain_AXT1POST_207_2070251,10,0,12.794075965881348
AXT1POST,DPMM,file_brain_AXT1POST_203_6000877,5,0,13.057154655456543
AXT1POST,DPMM,file_brain_AXT1POST_200_6002337,5,0,12.985846519470215
AXT1POST,DPMM,file_brain_AXT1POST_202_6000417,9,0,13.05652904510498
AXT1POST,DPMM,file_brain_AXT1POST_203_6000712,6,0,13.15179443359375
AXT1POST,DPMM,file_brain_AXT1POST_208_2080244,8,0,13.147974014282227
AXT1POST,DPMM,file_brain_AXT1POST_210_6001735,5,0,13.060027122497559
AXT1POST,DPMM,file_brain_AXT1POST_201_6002920,8,0,14.95730209350586
AXT1POST,DPMM,file_brain_AXT1POST_205_2050255,6,0,12.180802345275879
AXT1POST,DPMM,file_brain_AXT1POST_207_2070450,7,0,11.685953140258789
AXT1POST,DPMM,file_brain_AXT1POST_210_6001790,8,0,13.704421043395996
AXT1POST,DPMM,file_brain_AXT1POST_209_6001234,12,0,14.12984561920166
AXT1POST,DPMM,file_brain_AXT1POST_208_2080392,12,0,13.630573272705078
AXT1POST,DPMM,file_brain_AXT1POST_210_6001699,5,0,12.44336986541748
AXT1POST,DPMM,file_brain_AXT1POST_208_2080393,4,0,12.167115211486816
AXT1POST,DPMM,file_brain_AXT1POST_200_6002396,11,0,12.648259162902832
AXT1POST,DPMM,file_brain_AXT1POST_207_2070804,10,0,13.725088119506836
AXT1POST,DPMM,file_brain_AXT1POST_202_6000269,7,0,13.22316837310791
AXT1POST,DPMM,file_brain_AXT1POST_207_2070809,7,0,11.793778419494629
AXT1POST,DPMM,file_brain_AXT1POST_207_2070095,4,0,12.156214714050293
AXT1POST,DPMM,file_brain_AXT1POST_210_6001787,11,0,12.131307601928711
AXT1POST,DPMM,file_brain_AXT1POST_207_2070765,4,0,15.124520301818848
AXT1POST,DPMM,file_brain_AXT1POST_207_2070095,11,0,12.909173011779785
AXT1POST,DPMM,file_brain_AXT1POST_207_2070651,11,0,13.42775821685791
AXT1POST,DPMM,file_brain_AXT1POST_208_2080422,12,0,12.77500057220459
AXT1POST,DPMM,file_brain_AXT1POST_203_6000760,9,0,12.363921165466309
AXT1POST,DPMM,file_brain_AXT1POST_201_6002814,6,0,12.647246360778809
AXT1POST,DPMM,file_brain_AXT1POST_202_6000417,4,0,13.63524341583252
AXT1POST,DPMM,file_brain_AXT1POST_207_2070259,5,0,12.627696990966797
AXT1POST,DPMM,file_brain_AXT1POST_208_2080244,5,0,12.634258270263672
AXT1POST,DPMM,file_brain_AXT1POST_203_6000877,11,0,13.56021499633789
AXT1POST,DPMM,file_brain_AXT1POST_200_6001996,9,0,11.74251651763916
AXT1POST,DPMM,file_brain_AXT1POST_210_6001735,4,0,12.71883487701416
AXT1POST,DPMM,file_brain_AXT1POST_208_2080624,6,0,12.20596694946289
AXT1POST,DPMM,file_brain_AXT1POST_205_2050146,5,0,13.088410377502441
AXT1POST,DPMM,file_brain_AXT1POST_203_6000877,6,0,12.118646621704102
AXT1POST,DPMM,file_brain_AXT1POST_201_6002795,12,0,13.660843849182129
AXT1POST,DPMM,file_brain_AXT1POST_208_2080469,6,0,13.43213939666748
AXT1POST,DPMM,file_brain_AXT1POST_210_6001797,5,0,13.404056549072266
AXT1POST,DPMM,file_brain_AXT1POST_208_2080576,8,0,11.759891510009766
AXT1POST,DPMM,file_brain_AXT1POST_205_6000148,6,0,12.134103775024414
AXT1POST,DPMM,file_brain_AXT1POST_207_2070095,10,0,11.779566764831543
AXT1POST,DPMM,file_brain_AXT1POST_201_6002731,10,0,13.295534133911133
AXT1POST,DPMM,file_brain_AXT1POST_207_2070083,4,0,12.809711456298828
AXT1POST,DPMM,file_brain_AXT1POST_208_2080704,4,0,12.71937084197998
AXT1POST,DPMM,file_brain_AXT1POST_205_6000180,5,0,12.371164321899414
AXT1POST,DPMM,file_brain_AXT1POST_201_6002920,6,0,13.956453323364258
AXT1POST,DPMM,file_brain_AXT1POST_209_6001417,11,0,13.791641235351562
AXT1POST,DPMM,file_brain_AXT1POST_203_6000774,4,0,13.197840690612793
AXT1POST,DPMM,file_brain_AXT1POST_209_6001234,6,0,11.990718841552734
AXT1POST,DPMM,file_brain_AXT1POST_208_2080154,9,0,12.282424926757812
AXT1POST,DPMM,file_brain_AXT1POST_207_2070147,10,0,12.30498218536377
AXT1POST,DPMM,file_brain_AXT1POST_205_2050102,9,0,13.190537452697754
AXT1POST,DPMM,file_brain_AXT1POST_209_6001264,7,0,11.447986602783203
AXT1POST,DPMM,file_brain_AXT1POST_207_2070034,7,0,12.174443244934082
AXT1POST,DPMM,file_brain_AXT1POST_209_6001458,10,0,11.986649513244629
AXT1POST,DPMM,file_brain_AXT1POST_206_6000235,10,0,14.01097583770752
AXT1POST,DPMM,file_brain_AXT1POST_208_2080213,5,0,12.725454330444336
AXT1POST,DPMM,file_brain_AXT1POST_200_6002396,9,0,11.698240280151367
AXT1POST,DPMM,file_brain_AXT1POST_200_6002305,4,0,12.669816970825195
AXT1POST,DPMM,file_brain_AXT1POST_207_2070651,12,0,13.679424285888672
AXT1POST,DPMM,file_brain_AXT1POST_205_2050148,10,0,12.401636123657227
AXT1POST,DPMM,file_brain_AXT1POST_208_2080469,4,0,14.099874496459961
AXT1POST,DPMM,file_brain_AXT1POST_207_2070635,10,0,12.361562728881836
AXT1POST,DPMM,file_brain_AXT1POST_207_2070133,8,0,11.39398193359375
AXT1POST,DPMM,file_brain_AXT1POST_203_6000661,12,0,13.605565071105957
AXT1POST,DPMM,file_brain_AXT1POST_203_6000760,6,0,12.355772018432617
AXT1POST,DPMM,file_brain_AXT1POST_200_6002337,8,0,11.963268280029297
AXT1POST,DPMM,file_brain_AXT1POST_208_2080393,12,0,14.35948371887207
AXT1POST,DPMM,file_brain_AXT1POST_207_2070123,7,0,12.047484397888184
AXT1POST,DPMM,file_brain_AXT1POST_201_6002772,8,0,13.074148178100586
AXT1POST,DPMM,file_brain_AXT1POST_207_2070804,9,0,13.006972312927246
AXT1POST,DPMM,file_brain_AXT1POST_208_2080469,12,0,13.978606224060059
AXT1POST,DPMM,file_brain_AXT1POST_208_2080275,7,0,11.006265640258789
AXT1POST,DPMM,file_brain_AXT1POST_209_6001264,4,0,12.590743064880371
AXT1POST,DPMM,file_brain_AXT1POST_209_6001064,5,0,13.208934783935547
AXT1POST,DPMM,file_brain_AXT1POST_201_6002920,4,0,13.464491844177246
AXT1POST,DPMM,file_brain_AXT1POST_210_6001787,7,0,12.45870590209961
AXT1POST,DPMM,file_brain_AXT1POST_203_6000661,4,0,14.70120906829834
AXT1POST,DPMM,file_brain_AXT1POST_203_6000712,10,0,14.482207298278809
AXT1POST,DPMM,file_brain_AXT1POST_210_6001797,4,0,14.349294662475586
AXT1POST,DPMM,file_brain_AXT1POST_208_2080504,5,0,11.75132942199707
AXT1POST,DPMM,file_brain_AXT1POST_208_2080421,4,0,14.984615325927734
AXT1POST,DPMM,file_brain_AXT1POST_209_6001458,4,0,12.907740592956543
AXT1POST,DPMM,file_brain_AXT1POST_207_2070133,6,0,13.203577995300293
AXT1POST,DPMM,file_brain_AXT1POST_208_2080240,10,0,13.857416152954102
AXT1POST,DPMM,file_brain_AXT1POST_208_2080493,9,0,13.087494850158691
AXT1POST,DPMM,file_brain_AXT1POST_205_6000035,8,0,12.341200828552246
AXT1POST,DPMM,file_brain_AXT1POST_208_2080393,7,0,11.70254898071289
AXT1POST,DPMM,file_brain_AXT1POST_200_6002046,9,0,12.236005783081055
AXT1POST,DPMM,file_brain_AXT1POST_206_6000235,8,0,12.78449535369873
AXT1POST,DPMM,file_brain_AXT1POST_205_2050189,8,0,11.092161178588867
AXT1POST,DPMM,file_brain_AXT1POST_210_6001771,11,0,13.446280479431152
AXT1POST,DPMM,file_brain_AXT1POST_208_2120069,4,0,13.607504844665527
AXT1POST,DPMM,file_brain_AXT1POST_201_6002862,11,0,13.146917343139648
AXT1POST,DPMM,file_brain_AXT1POST_209_6001236,9,0,11.360438346862793
AXT1POST,DPMM,file_brain_AXT1POST_200_6002349,12,0,13.726643562316895
AXT1POST,DPMM,file_brain_AXT1POST_208_2080075,5,0,13.336362838745117
AXT1POST,DPMM,file_brain_AXT1POST_210_6001735,9,0,12.244108200073242
AXT1POST,DPMM,file_brain_AXT1POST_209_6001109,6,0,11.83430004119873
AXT1POST,DPMM,file_brain_AXT1POST_203_6000869,8,0,12.20855712890625
AXT1POST,DPMM,file_brain_AXT1POST_207_2070259,4,0,13.118042945861816
AXT1POST,DPMM,file_brain_AXT1POST_203_6000712,9,0,13.650131225585938
AXT1POST,DPMM,file_brain_AXT1POST_207_2070095,6,0,11.78631591796875
AXT1POST,DPMM,file_brain_AXT1POST_200_6002413,11,0,12.568693161010742
AXT1POST,DPMM,file_brain_AXT1POST_208_2080392,10,0,12.281317710876465
AXT1POST,DPMM,file_brain_AXT1POST_203_6000661,5,0,13.609430313110352
AXT1POST,DPMM,file_brain_AXT1POST_209_6001236,7,0,12.264787673950195
AXT1POST,DPMM,file_brain_AXT1POST_207_2070809,10,0,12.229436874389648
AXT1POST,DPMM,file_brain_AXT1POST_207_2070214,9,0,11.436970710754395
AXT1POST,DPMM,file_brain_AXT1POST_208_2080704,10,0,12.404580116271973
AXT1POST,DPMM,file_brain_AXT1POST_201_6002673,7,0,12.63410758972168
AXT1POST,DPMM,file_brain_AXT1POST_203_6000657,4,0,11.970479965209961
AXT1POST,DPMM,file_brain_AXT1POST_207_2070242,5,0,12.468214988708496
AXT1POST,DPMM,file_brain_AXT1POST_208_2080493,11,0,12.497579574584961
AXT1POST,DPMM,file_brain_AXT1POST_209_6001458,6,0,11.572104454040527
AXT1POST,DPMM,file_brain_AXT1POST_208_2080421,6,0,12.28070068359375
AXT1POST,DPMM,file_brain_AXT1POST_201_6002668,6,0,12.379334449768066
AXT1POST,DPMM,file_brain_AXT1POST_200_6002349,4,0,12.516566276550293
AXT1POST,DPMM,file_brain_AXT1POST_200_6002305,10,0,12.486983299255371
AXT1POST,DPMM,file_brain_AXT1POST_207_2070651,6,0,13.523784637451172
AXT1POST,DPMM,file_brain_AXT1POST_201_6002778,12,0,13.06059455871582
AXT1POST,DPMM,file_brain_AXT1POST_200_6002349,11,0,12.79605770111084
AXT1POST,DPMM,file_brain_AXT1POST_208_2080576,10,0,12.797454833984375
AXT1POST,DPMM,file_brain_AXT1POST_207_2070765,8,0,11.96096420288086
AXT1POST,DPMM,file_brain_AXT1POST_207_2070083,9,0,11.894012451171875
AXT1POST,DPMM,file_brain_AXT1POST_207_2070547,10,0,12.147401809692383
AXT1POST,DPMM,file_brain_AXT1POST_207_2070490,7,0,12.16184139251709
AXT1POST,DPMM,file_brain_AXT1POST_207_2070553,4,0,12.285521507263184
AXT1POST,DPMM,file_brain_AXT1POST_200_6002033,8,0,11.799318313598633
AXT1POST,DPMM,file_brain_AXT1POST_208_2080345,8,0,12.240985870361328
AXT1POST,DPMM,file_brain_AXT1POST_209_6001320,7,0,11.491118431091309
AXT1POST,DPMM,file_brain_AXT1POST_207_2070357,4,0,14.797410011291504
AXT1POST,DPMM,file_brain_AXT1POST_210_6001735,10,0,12.843119621276855
AXT1POST,DPMM,file_brain_AXT1POST_207_2070127,7,0,11.916291236877441
AXT1POST,DPMM,file_brain_AXT1POST_205_6000035,5,0,12.48794937133789
AXT1POST,DPMM,file_brain_AXT1POST_202_6000269,5,0,14.891459465026855
AXT1POST,DPMM,file_brain_AXT1POST_200_6002396,4,0,12.583734512329102
AXT1POST,DPMM,file_brain_AXT1POST_200_6002392,10,0,12.526224136352539
AXT1POST,DPMM,file_brain_AXT1POST_208_2080576,12,0,13.17805004119873
AXT1POST,DPMM,file_brain_AXT1POST_201_6002731,4,0,14.960759162902832
AXT1POST,DPMM,file_brain_AXT1POST_207_2070651,7,0,12.283462524414062
AXT1POST,DPMM,file_brain_AXT1POST_207_2070327,9,0,11.913405418395996
AXT1POST,DPMM,file_brain_AXT1POST_207_2070327,8,0,12.493600845336914
AXT1POST,DPMM,file_brain_AXT1POST_205_6000035,4,0,12.601845741271973
AXT1POST,DPMM,file_brain_AXT1POST_210_6001771,8,0,12.12002944946289
AXT1POST,DPMM,file_brain_AXT1POST_205_2050259,4,0,13.383148193359375
AXT1POST,DPMM,file_brain_AXT1POST_200_6002259,5,0,12.525124549865723
AXT1POST,DPMM,file_brain_AXT1POST_207_2070251,11,0,12.63831901550293
AXT1POST,DPMM,file_brain_AXT1POST_210_6001787,4,0,14.78152847290039
AXT1POST,DPMM,file_brain_AXT1POST_203_6000861,5,0,14.267513275146484
AXT1POST,DPMM,file_brain_AXT1POST_207_2070259,6,0,12.802276611328125
AXT1POST,DPMM,file_brain_AXT1POST_208_2080352,5,0,12.306758880615234
AXT1POST,DPMM,file_brain_AXT1POST_208_2080477,4,0,12.43818187713623
AXT1POST,DPMM,file_brain_AXT1POST_208_2080422,5,0,13.939336776733398
AXT1POST,DPMM,file_brain_AXT1POST_202_6000302,9,0,12.92999267578125
AXT1POST,DPMM,file_brain_AXT1POST_207_2070365,10,0,13.396099090576172
AXT1POST,DPMM,file_brain_AXT1POST_200_6002340,4,0,12.615205764770508
AXT1POST,DPMM,file_brain_AXT1POST_208_2080075,4,0,13.930532455444336
AXT1POST,DPMM,file_brain_AXT1POST_203_6000869,4,0,12.895625114440918
AXT1POST,DPMM,file_brain_AXT1POST_207_2070479,4,0,13.769962310791016
AXT1POST,DPMM,file_brain_AXT1POST_209_6001250,5,0,12.020647048950195
AXT1POST,DPMM,file_brain_AXT1POST_207_2070009,12,0,13.18264389038086
AXT1POST,DPMM,file_brain_AXT1POST_205_2050148,5,0,11.567206382751465
AXT1POST,DPMM,file_brain_AXT1POST_203_6000597,7,0,12.255781173706055
AXT1POST,DPMM,file_brain_AXT1POST_202_6000281,10,0,14.425482749938965
AXT1POST,DPMM,file_brain_AXT1POST_203_6000827,10,0,13.991822242736816
AXT1POST,DPMM,file_brain_AXT1POST_207_2070547,11,0,12.435762405395508
AXT1POST,DPMM,file_brain_AXT1POST_209_6001458,7,0,11.686339378356934
AXT1POST,DPMM,file_brain_AXT1POST_210_6001645,6,0,12.200428009033203
AXT1POST,DPMM,file_brain_AXT1POST_207_2070099,12,0,12.74244499206543
AXT1POST,DPMM,file_brain_AXT1POST_207_2070241,11,0,12.815293312072754
AXT1POST,DPMM,file_brain_AXT1POST_207_2070786,7,0,12.119125366210938
AXT1POST,DPMM,file_brain_AXT1POST_208_2080493,8,0,11.784266471862793
AXT1POST,DPMM,file_brain_AXT1POST_208_2080082,7,0,11.99887752532959
AXT1POST,DPMM,file_brain_AXT1POST_207_2070479,7,0,12.449237823486328
AXT1POST,DPMM,file_brain_AXT1POST_210_6001735,12,0,13.586522102355957
AXT1POST,DPMM,file_brain_AXT1POST_202_6000341,5,0,12.640816688537598
AXT1POST,DPMM,file_brain_AXT1POST_203_6000657,10,0,13.07616138458252
AXT1POST,DPMM,file_brain_AXT1POST_208_2080082,6,0,12.749382972717285
AXT1POST,DPMM,file_brain_AXT1POST_205_2050189,6,0,12.755468368530273
AXT1POST,DPMM,file_brain_AXT1POST_208_2080082,9,0,12.883559226989746
AXT1POST,DPMM,file_brain_AXT1POST_207_2070357,8,0,12.852066993713379
AXT1POST,DPMM,file_brain_AXT1POST_207_2070009,8,0,13.080596923828125
AXT1POST,DPMM,file_brain_AXT1POST_203_6000774,5,0,12.256745338439941
AXT1POST,DPMM,file_brain_AXT1POST_203_6000597,11,0,12.533063888549805
AXT1POST,DPMM,file_brain_AXT1POST_207_2070786,6,0,12.761046409606934
AXT1POST,DPMM,file_brain_AXT1POST_203_6000597,10,0,11.237797737121582
AXT1POST,DPMM,file_brain_AXT1POST_203_6000877,9,0,13.045989990234375
AXT1POST,DPMM,file_brain_AXT1POST_203_6000657,12,0,14.094254493713379
AXT1POST,DPMM,file_brain_AXT1POST_208_2080352,10,0,11.956817626953125
AXT1POST,DPMM,file_brain_AXT1POST_207_2070354,6,0,11.466487884521484
AXT1POST,DPMM,file_brain_AXT1POST_201_6002920,12,0,12.793659210205078
AXT1POST,DPMM,file_brain_AXT1POST_208_2080304,10,0,13.242595672607422
AXT1POST,DPMM,file_brain_AXT1POST_209_6001320,10,0,13.14409351348877
AXT1POST,DPMM,file_brain_AXT1POST_207_2070009,5,0,12.223461151123047
AXT1POST,DPMM,file_brain_AXT1POST_207_2070034,6,0,12.162586212158203
AXT1POST,DPMM,file_brain_AXT1POST_205_2050102,5,0,12.30369758605957
AXT1POST,DPMM,file_brain_AXT1POST_207_2070490,5,0,12.033792495727539
AXT1POST,DPMM,file_brain_AXT1POST_208_2080208,7,0,11.789487838745117
AXT1POST,DPMM,file_brain_AXT1POST_205_2050102,7,0,11.811830520629883
AXT1POST,DPMM,file_brain_AXT1POST_205_2050102,4,0,12.191899299621582
AXT1POST,DPMM,file_brain_AXT1POST_203_6000827,4,0,12.091455459594727
AXT1POST,DPMM,file_brain_AXT1POST_207_2070809,6,0,11.855177879333496
AXT1POST,DPMM,file_brain_AXT1POST_200_6002340,6,0,12.006908416748047
AXT1POST,DPMM,file_brain_AXT1POST_207_2070479,10,0,12.96541976928711
AXT1POST,DPMM,file_brain_AXT1POST_201_6002862,6,0,12.878851890563965
AXT1POST,DPMM,file_brain_AXT1POST_203_6000760,8,0,12.092065811157227
AXT1POST,DPMM,file_brain_AXT1POST_207_2070251,7,0,12.181601524353027
AXT1POST,DPMM,file_brain_AXT1POST_208_2080062,10,0,11.779982566833496
AXT1POST,DPMM,file_brain_AXT1POST_207_2070786,11,0,12.12824821472168
AXT1POST,DPMM,file_brain_AXT1POST_200_6001996,12,0,13.111170768737793
AXT1POST,DPMM,file_brain_AXT1POST_209_6001109,8,0,11.715776443481445
AXT1POST,DPMM,file_brain_AXT1POST_205_2050159,9,0,12.955658912658691
AXT1POST,DPMM,file_brain_AXT1POST_203_6000760,5,0,12.487773895263672
AXT1POST,DPMM,file_brain_AXT1POST_208_2080075,9,0,12.433440208435059
AXT1POST,DPMM,file_brain_AXT1POST_200_6002305,12,0,15.687016487121582
AXT1POST,DPMM,file_brain_AXT1POST_200_6002340,7,0,11.456679344177246
AXT1POST,DPMM,file_brain_AXT1POST_203_6000848,8,0,11.936957359313965
AXT1POST,DPMM,file_brain_AXT1POST_208_2080345,12,0,12.994674682617188
AXT1POST,DPMM,file_brain_AXT1POST_201_6002749,10,0,13.765909194946289
AXT1POST,DPMM,file_brain_AXT1POST_200_6001959,5,0,13.33191967010498
AXT1POST,DPMM,file_brain_AXT1POST_208_2080477,8,0,12.412665367126465
AXT1POST,DPMM,file_brain_AXT1POST_208_2080383,6,0,12.463841438293457
AXT1POST,DPMM,file_brain_AXT1POST_201_6002707,7,0,13.587096214294434
AXT1POST,DPMM,file_brain_AXT1POST_203_6000861,4,0,14.018917083740234
AXT1POST,DPMM,file_brain_AXT1POST_209_6001109,7,0,12.57351016998291
AXT1POST,DPMM,file_brain_AXT1POST_203_6000760,4,0,14.119991302490234
AXT1POST,DPMM,file_brain_AXT1POST_208_2080154,6,0,12.766966819763184
AXT1POST,DPMM,file_brain_AXT1POST_201_6002749,6,0,12.779678344726562
AXT1POST,DPMM,file_brain_AXT1POST_203_6000597,5,0,13.706771850585938
AXT1POST,DPMM,file_brain_AXT1POST_203_6000848,12,0,15.545024871826172
AXT1POST,DPMM,file_brain_AXT1POST_207_2070809,12,0,13.484160423278809
AXT1POST,DPMM,file_brain_AXT1POST_208_2120069,8,0,12.823968887329102
AXT1POST,DPMM,file_brain_AXT1POST_205_2050189,7,0,13.42076587677002
AXT1POST,DPMM,file_brain_AXT1POST_200_6002337,12,0,13.13475227355957
AXT1POST,DPMM,file_brain_AXT1POST_207_2070251,12,0,12.950282096862793
AXT1POST,DPMM,file_brain_AXT1POST_207_2070635,6,0,12.809589385986328
AXT1POST,DPMM,file_brain_AXT1POST_201_6002680,5,0,12.677013397216797
AXT1POST,DPMM,file_brain_AXT1POST_208_2080213,7,0,11.898980140686035
AXT1POST,DPMM,file_brain_AXT1POST_208_2080576,9,0,12.110668182373047
AXT1POST,DPMM,file_brain_AXT1POST_208_2080275,6,0,12.378777503967285
AXT1POST,DPMM,file_brain_AXT1POST_208_2080213,6,0,11.76695728302002
AXT1POST,DPMM,file_brain_AXT1POST_208_2080213,12,0,14.175722122192383
AXT1POST,DPMM,file_brain_AXT1POST_201_6002673,4,0,13.77915096282959
AXT1POST,DPMM,file_brain_AXT1POST_210_6001771,4,0,12.882863998413086
AXT1POST,DPMM,file_brain_AXT1POST_207_2070251,9,0,11.619477272033691
AXT1POST,DPMM,file_brain_AXT1POST_201_6002703,0,1,15.345050811767578
AXT1POST,DPMM,file_brain_AXT1POST_201_6002703,1,1,14.08151626586914
AXT1POST,DPMM,file_brain_AXT1POST_201_6002703,2,1,13.361932754516602
AXT1POST,DPMM,file_brain_AXT1POST_201_6002703,3,1,13.486184120178223
AXT1POST,DPMM,file_brain_AXT1POST_201_6002703,4,1,13.031474113464355
AXT1POST,DPMM,file_brain_AXT1POST_201_6002703,5,1,12.484800338745117
AXT1POST,DPMM,file_brain_AXT1POST_201_6002703,6,1,13.20482063293457
AXT1POST,DPMM,file_brain_AXT1POST_201_6002703,7,1,11.959647178649902
AXT1POST,DPMM,file_brain_AXT1POST_201_6002703,8,1,12.314641952514648
AXT1POST,DPMM,file_brain_AXT1POST_201_6002703,9,1,13.33823013305664
AXT1POST,DPMM,file_brain_AXT1POST_201_6002703,10,1,12.23432445526123
AXT1POST,DPMM,file_brain_AXT1POST_201_6002703,11,1,13.37514877319336
AXT1POST,DPMM,file_brain_AXT1POST_201_6002703,12,1,13.5301513671875
AXT1POST,DPMM,file_brain_AXT1POST_201_6002703,13,1,14.504812240600586
AXT1POST,DPMM,file_brain_AXT1POST_201_6002703,14,1,14.463542938232422
AXT1POST,DPMM,file_brain_AXT1POST_201_6002683,0,1,15.07112979888916
AXT1POST,DPMM,file_brain_AXT1POST_201_6002683,1,1,14.495624542236328
AXT1POST,DPMM,file_brain_AXT1POST_201_6002683,2,1,14.639845848083496
AXT1POST,DPMM,file_brain_AXT1POST_201_6002683,3,1,13.769777297973633
AXT1POST,DPMM,file_brain_AXT1POST_201_6002683,4,1,13.840081214904785
AXT1POST,DPMM,file_brain_AXT1POST_201_6002683,5,1,13.930892944335938
AXT1POST,DPMM,file_brain_AXT1POST_201_6002683,6,1,14.35252571105957
AXT1POST,DPMM,file_brain_AXT1POST_201_6002683,7,1,13.700652122497559
AXT1POST,DPMM,file_brain_AXT1POST_201_6002683,8,1,13.577662467956543
AXT1POST,DPMM,file_brain_AXT1POST_201_6002683,9,1,14.227401733398438
AXT1POST,DPMM,file_brain_AXT1POST_201_6002683,10,1,14.285646438598633
AXT1POST,DPMM,file_brain_AXT1POST_201_6002683,11,1,14.116720199584961
AXT1POST,DPMM,file_brain_AXT1POST_201_6002683,12,1,14.384787559509277
AXT1POST,DPMM,file_brain_AXT1POST_201_6002683,13,1,15.534303665161133
AXT1POST,DPMM,file_brain_AXT1POST_200_6002033,0,1,13.566036224365234
AXT1POST,DPMM,file_brain_AXT1POST_200_6002033,1,1,13.968156814575195
AXT1POST,DPMM,file_brain_AXT1POST_200_6002033,2,1,13.855534553527832
AXT1POST,DPMM,file_brain_AXT1POST_200_6002033,3,1,13.148065567016602
AXT1POST,DPMM,file_brain_AXT1POST_201_6002817,0,1,13.597612380981445
AXT1POST,DPMM,file_brain_AXT1POST_200_6002188,0,1,14.163130760192871
AXT1POST,DPMM,file_brain_AXT1POST_200_6002188,1,1,14.449416160583496
AXT1POST,DPMM,file_brain_AXT1POST_200_6002188,2,1,13.299492835998535
AXT1POST,DPMM,file_brain_AXT1POST_200_6002188,3,1,12.888829231262207
AXT1POST,DPMM,file_brain_AXT1POST_200_6002188,4,1,12.370978355407715
AXT1POST,DPMM,file_brain_AXT1POST_200_6002188,5,1,12.672041893005371
AXT1POST,DPMM,file_brain_AXT1POST_200_6002188,6,1,13.1400146484375
AXT1POST,DPMM,file_brain_AXT1POST_200_6002188,7,1,13.395565032958984
AXT1POST,DPMM,file_brain_AXT1POST_200_6002188,8,1,13.138097763061523
AXT1POST,DPMM,file_brain_AXT1POST_200_6002188,9,1,13.521925926208496
AXT1POST,DPMM,file_brain_AXT1POST_200_6002188,10,1,14.83541488647461
AXT1POST,DPMM,file_brain_AXT1POST_200_6002188,11,1,13.815057754516602
AXT1POST,DPMM,file_brain_AXT1POST_200_6002188,12,1,13.21918773651123
AXT1POST,DPMM,file_brain_AXT1POST_200_6002188,13,1,13.578118324279785
AXT1POST,DPMM,file_brain_AXT1POST_200_6002188,14,1,14.79909610748291
AXT1POST,DPMM,file_brain_AXT1POST_200_6002337,0,1,14.557616233825684
AXT1POST,DPMM,file_brain_AXT1POST_200_6002337,1,1,14.05502986907959
AXT1POST,DPMM,file_brain_AXT1POST_200_6002337,2,1,14.655670166015625
AXT1POST,DPMM,file_brain_AXT1POST_200_6002337,3,1,13.466388702392578
AXT1POST,DPMM,file_brain_AXT1POST_200_6002337,4,1,13.444238662719727
AXT1POST,DPMM,file_brain_AXT1POST_201_6002735,0,1,14.42973518371582
AXT1POST,DPMM,file_brain_AXT1POST_201_6002735,1,1,15.326171875
AXT1POST,DPMM,file_brain_AXT1POST_201_6002735,2,1,14.9036865234375
AXT1POST,DPMM,file_brain_AXT1POST_201_6002735,3,1,14.57200813293457
AXT1POST,DPMM,file_brain_AXT1POST_201_6002735,4,1,14.529666900634766
AXT1POST,DPMM,file_brain_AXT1POST_201_6002735,5,1,13.572991371154785
AXT1POST,DPMM,file_brain_AXT1POST_201_6002735,6,1,12.969355583190918
AXT1POST,DPMM,file_brain_AXT1POST_201_6002735,7,1,12.801728248596191
AXT1POST,DPMM,file_brain_AXT1POST_201_6002735,8,1,12.764626502990723
AXT1POST,DPMM,file_brain_AXT1POST_201_6002735,9,1,12.54524040222168
AXT1POST,DPMM,file_brain_AXT1POST_201_6002735,10,1,12.880630493164062
AXT1POST,DPMM,file_brain_AXT1POST_201_6002735,11,1,12.886282920837402
AXT1POST,DPMM,file_brain_AXT1POST_200_6002089,4,1,13.225214958190918
AXT1POST,DPMM,file_brain_AXT1POST_200_6002089,5,1,12.93891716003418
AXT1POST,DPMM,file_brain_AXT1POST_200_6002089,6,1,13.080886840820312
AXT1POST,DPMM,file_brain_AXT1POST_200_6002089,7,1,12.805078506469727
AXT1POST,DPMM,file_brain_AXT1POST_200_6002089,8,1,12.650096893310547
AXT1POST,DPMM,file_brain_AXT1POST_200_6002089,9,1,13.576033592224121
AXT1POST,DPMM,file_brain_AXT1POST_200_6002089,10,1,15.132529258728027
AXT1POST,DPMM,file_brain_AXT1POST_200_6002089,11,1,14.532454490661621
AXT1POST,DPMM,file_brain_AXT1POST_200_6002089,12,1,15.341620445251465
AXT1POST,DPMM,file_brain_AXT1POST_200_6002089,13,1,14.978534698486328
AXT1POST,DPMM,file_brain_AXT1POST_200_6002089,14,1,14.668984413146973
AXT1POST,DPMM,file_brain_AXT1POST_200_6002089,15,1,14.362787246704102
AXT1POST,DPMM,file_brain_AXT1POST_200_6002065,0,1,14.37633228302002
AXT1POST,DPMM,file_brain_AXT1POST_200_6002065,1,1,14.49360466003418
AXT1POST,DPMM,file_brain_AXT1POST_200_6002065,2,1,14.58298397064209
AXT1POST,DPMM,file_brain_AXT1POST_200_6002065,3,1,14.862664222717285
AXT1POST,DPMM,file_brain_AXT1POST_200_6002065,4,1,13.466785430908203
AXT1POST,DPMM,file_brain_AXT1POST_200_6002065,5,1,13.207990646362305
AXT1POST,DPMM,file_brain_AXT1POST_200_6002065,10,1,12.78653335571289
AXT1POST,DPMM,file_brain_AXT1POST_200_6002396,0,1,14.106279373168945
AXFLAIR,DPMM,file_brain_AXFLAIR_210_6001917,4,0,12.78192138671875
AXFLAIR,DPMM,file_brain_AXFLAIR_202_6000543,11,0,12.183577537536621
AXFLAIR,DPMM,file_brain_AXFLAIR_210_6001499,4,0,12.340615272521973
AXFLAIR,DPMM,file_brain_AXFLAIR_201_6002993,7,0,11.171830177307129
AXFLAIR,DPMM,file_brain_AXFLAIR_202_6000543,5,0,13.406147956848145
AXFLAIR,DPMM,file_brain_AXFLAIR_202_6000539,7,0,13.129410743713379
AXFLAIR,DPMM,file_brain_AXFLAIR_202_6000483,5,0,13.876693725585938
AXFLAIR,DPMM,file_brain_AXFLAIR_200_6002442,6,0,12.927947998046875
AXFLAIR,DPMM,file_brain_AXFLAIR_202_6000483,6,0,12.795175552368164
AXFLAIR,DPMM,file_brain_AXFLAIR_200_6002442,12,0,11.69020938873291
AXFLAIR,DPMM,file_brain_AXFLAIR_202_6000531,10,0,11.865403175354004
AXFLAIR,DPMM,file_brain_AXFLAIR_203_6000942,10,0,11.758541107177734
AXFLAIR,DPMM,file_brain_AXFLAIR_203_6000912,4,0,11.711833953857422
AXFLAIR,DPMM,file_brain_AXFLAIR_201_6002914,7,0,13.263344764709473
AXFLAIR,DPMM,file_brain_AXFLAIR_200_6002543,4,0,13.425336837768555
AXFLAIR,DPMM,file_brain_AXFLAIR_210_6001513,5,0,12.579238891601562
AXFLAIR,DPMM,file_brain_AXFLAIR_209_6001397,12,0,12.359183311462402
AXFLAIR,DPMM,file_brain_AXFLAIR_200_6002641,11,0,11.749725341796875
AXFLAIR,DPMM,file_brain_AXFLAIR_203_6000942,11,0,11.957889556884766
AXFLAIR,DPMM,file_brain_AXFLAIR_201_6002993,5,0,11.726518630981445
AXFLAIR,DPMM,file_brain_AXFLAIR_200_6002595,7,0,12.661036491394043
AXFLAIR,DPMM,file_brain_AXFLAIR_202_6000511,11,0,12.028131484985352
AXFLAIR,DPMM,file_brain_AXFLAIR_201_6002914,10,0,14.113754272460938
AXFLAIR,DPMM,file_brain_AXFLAIR_203_6000912,11,0,13.67061996459961
AXFLAIR,DPMM,file_brain_AXFLAIR_210_6001953,6,0,11.624030113220215
AXFLAIR,DPMM,file_brain_AXFLAIR_210_6001917,6,0,13.299147605895996
AXFLAIR,DPMM,file_brain_AXFLAIR_200_6002442,9,0,11.54061222076416
AXFLAIR,DPMM,file_brain_AXFLAIR_210_6001953,9,0,11.692595481872559
AXFLAIR,DPMM,file_brain_AXFLAIR_200_6002442,5,0,11.889684677124023
AXFLAIR,DPMM,file_brain_AXFLAIR_200_6002442,10,0,12.482507705688477
AXFLAIR,DPMM,file_brain_AXFLAIR_202_6000531,9,0,14.566206932067871
AXFLAIR,DPMM,file_brain_AXFLAIR_201_6002914,8,0,10.728214263916016
AXFLAIR,DPMM,file_brain_AXFLAIR_202_6000474,6,0,12.785886764526367
AXFLAIR,DPMM,file_brain_AXFLAIR_201_6002941,9,0,12.271417617797852
AXFLAIR,DPMM,file_brain_AXFLAIR_210_6001499,11,0,12.284571647644043
AXFLAIR,DPMM,file_brain_AXFLAIR_202_6000539,5,0,12.614909172058105
AXFLAIR,DPMM,file_brain_AXFLAIR_202_6000474,5,0,12.064701080322266
AXFLAIR,DPMM,file_brain_AXFLAIR_209_6001377,10,0,14.268855094909668
AXFLAIR,DPMM,file_brain_AXFLAIR_200_6002595,9,0,11.801987648010254
AXFLAIR,DPMM,file_brain_AXFLAIR_201_6002993,11,0,10.941574096679688
AXFLAIR,DPMM,file_brain_AXFLAIR_202_6000557,9,0,11.72809886932373
AXFLAIR,DPMM,file_brain_AXFLAIR_210_6001513,4,0,12.794636726379395
AXFLAIR,DPMM,file_brain_AXFLAIR_201_6002941,8,0,12.021406173706055
AXFLAIR,DPMM,file_brain_AXFLAIR_203_6000912,6,0,11.854033470153809
AXFLAIR,DPMM,file_brain_AXFLAIR_201_6002914,12,0,11.879451751708984
AXFLAIR,DPMM,file_brain_AXFLAIR_209_6001377,11,0,11.928526878356934
AXFLAIR,DPMM,file_brain_AXFLAIR_210_6001499,5,0,11.443746566772461
AXFLAIR,DPMM,file_brain_AXFLAIR_202_6000557,6,0,13.367233276367188
AXFLAIR,DPMM,file_brain_AXFLAIR_202_6000557,10,0,11.827001571655273
AXFLAIR,DPMM,file_brain_AXFLAIR_202_6000543,4,0,11.796759605407715
AXFLAIR,DPMM,file_brain_AXFLAIR_202_6000531,7,0,13.146660804748535
AXFLAIR,DPMM,file_brain_AXFLAIR_200_6002595,10,0,14.379073143005371
AXFLAIR,DPMM,file_brain_AXFLAIR_201_6002914,5,0,12.108845710754395
AXFLAIR,DPMM,file_brain_AXFLAIR_202_6000531,4,0,12.796772956848145
AXFLAIR,DPMM,file_brain_AXFLAIR_210_6001513,6,0,11.6307373046875
AXFLAIR,DPMM,file_brain_AXFLAIR_200_6002442,11,0,12.793270111083984
AXFLAIR,DPMM,file_brain_AXFLAIR_209_6001377,8,0,11.36850357055664
AXFLAIR,DPMM,file_brain_AXFLAIR_202_6000483,7,0,12.057826042175293
AXFLAIR,DPMM,file_brain_AXFLAIR_202_6000543,9,0,11.545101165771484
AXFLAIR,DPMM,file_brain_AXFLAIR_203_6000898,10,0,12.26008129119873
AXFLAIR,DPMM,file_brain_AXFLAIR_203_6000912,12,0,12.171578407287598
AXFLAIR,DPMM,file_brain_AXFLAIR_202_6000511,7,0,11.198304176330566
AXFLAIR,DPMM,file_brain_AXFLAIR_201_6003024,5,0,13.564455032348633
AXFLAIR,DPMM,file_brain_AXFLAIR_201_6003018,12,0,14.120861053466797
AXFLAIR,DPMM,file_brain_AXFLAIR_210_6001901,7,0,12.381528854370117
AXFLAIR,DPMM,file_brain_AXFLAIR_203_6000898,12,0,11.91439151763916
AXFLAIR,DPMM,file_brain_AXFLAIR_202_6000483,11,0,11.082465171813965
AXFLAIR,DPMM,file_brain_AXFLAIR_210_6001917,10,0,11.355575561523438
AXFLAIR,DPMM,file_brain_AXFLAIR_201_6002914,11,0,11.218342781066895
AXFLAIR,DPMM,file_brain_AXFLAIR_202_6000483,8,0,11.193894386291504
AXFLAIR,DPMM,file_brain_AXFLAIR_201_6002941,11,0,11.391432762145996
AXFLAIR,DPMM,file_brain_AXFLAIR_210_6001917,11,0,12.782773971557617
AXFLAIR,DPMM,file_brain_AXFLAIR_201_6002993,10,0,11.62308406829834
AXFLAIR,DPMM,file_brain_AXFLAIR_202_6000539,9,0,11.383920669555664
AXFLAIR,DPMM,file_brain_AXFLAIR_203_6000942,7,0,13.503305435180664
AXFLAIR,DPMM,file_brain_AXFLAIR_209_6001377,12,0,13.693038940429688
AXFLAIR,DPMM,file_brain_AXFLAIR_201_6003024,10,0,11.66019344329834
AXFLAIR,DPMM,file_brain_AXFLAIR_200_6002543,8,0,12.024297714233398
AXFLAIR,DPMM,file_brain_AXFLAIR_202_6000531,6,0,12.110627174377441
AXFLAIR,DPMM,file_brain_AXFLAIR_201_6003003,0,1,13.22951889038086
AXFLAIR,DPMM,file_brain_AXFLAIR_201_6003003,1,1,12.893939971923828
AXFLAIR,DPMM,file_brain_AXFLAIR_201_6003003,2,1,12.484150886535645
AXFLAIR,DPMM,file_brain_AXFLAIR_201_6003003,3,1,13.23094367980957
AXFLAIR,DPMM,file_brain_AXFLAIR_201_6003003,4,1,12.514522552490234
AXFLAIR,DPMM,file_brain_AXFLAIR_201_6003003,5,1,11.799141883850098
AXFLAIR,DPMM,file_brain_AXFLAIR_201_6003003,6,1,11.918257713317871
AXFLAIR,DPMM,file_brain_AXFLAIR_201_6003003,7,1,12.169841766357422
AXFLAIR,DPMM,file_brain_AXFLAIR_201_6003003,8,1,12.260248184204102
AXFLAIR,DPMM,file_brain_AXFLAIR_201_6003003,9,1,12.029394149780273
AXFLAIR,DPMM,file_brain_AXFLAIR_201_6003003,10,1,11.915398597717285
AXFLAIR,DPMM,file_brain_AXFLAIR_201_6002972,0,1,14.794257164001465
AXFLAIR,DPMM,file_brain_AXFLAIR_201_6002972,1,1,14.609659194946289
AXFLAIR,DPMM,file_brain_AXFLAIR_201_6002972,2,1,14.847784996032715
AXFLAIR,DPMM,file_brain_AXFLAIR_201_6002972,3,1,14.068342208862305
AXFLAIR,DPMM,file_brain_AXFLAIR_201_6002972,4,1,14.460097312927246
AXFLAIR,DPMM,file_brain_AXFLAIR_201_6002972,5,1,14.709847450256348
AXFLAIR,DPMM,file_brain_AXFLAIR_201_6002972,6,1,13.766829490661621
AXFLAIR,DPMM,file_brain_AXFLAIR_201_6002972,7,1,14.242178916931152
AXFLAIR,DPMM,file_brain_AXFLAIR_201_6002972,8,1,14.346904754638672
AXFLAIR,DPMM,file_brain_AXFLAIR_201_6002972,9,1,13.785568237304688
AXFLAIR,DPMM,file_brain_AXFLAIR_201_6002972,10,1,14.15155029296875
AXFLAIR,DPMM,file_brain_AXFLAIR_201_6002972,11,1,13.534010887145996
AXFLAIR,DPMM,file_brain_AXFLAIR_201_6002972,12,1,14.125951766967773
AXFLAIR,DPMM,file_brain_AXFLAIR_201_6002941,0,1,13.722431182861328
AXFLAIR,DPMM,file_brain_AXFLAIR_201_6002941,1,1,12.7020263671875
AXFLAIR,DPMM,file_brain_AXFLAIR_201_6002941,2,1,12.965709686279297
AXFLAIR,DPMM,file_brain_AXFLAIR_201_6002941,3,1,12.407470703125
AXFLAIR,DPMM,file_brain_AXFLAIR_201_6002941,4,1,12.387288093566895
AXFLAIR,DPMM,file_brain_AXFLAIR_201_6002941,5,1,11.901346206665039
AXFLAIR,DPMM,file_brain_AXFLAIR_202_6000508,1,1,13.706119537353516
AXFLAIR,DPMM,file_brain_AXFLAIR_202_6000508,2,1,14.333827018737793
AXFLAIR,DPMM,file_brain_AXFLAIR_202_6000508,3,1,13.793431282043457
AXFLAIR,DPMM,file_brain_AXFLAIR_202_6000508,4,1,14.2159423828125
AXFLAIR,DPMM,file_brain_AXFLAIR_202_6000508,5,1,13.717357635498047
AXFLAIR,DPMM,file_brain_AXFLAIR_202_6000508,6,1,13.844640731811523
AXFLAIR,DPMM,file_brain_AXFLAIR_202_6000508,7,1,13.720525741577148
AXFLAIR,DPMM,file_brain_AXFLAIR_202_6000508,8,1,13.027216911315918
AXFLAIR,DPMM,file_brain_AXFLAIR_202_6000508,9,1,12.993208885192871
AXFLAIR,DPMM,file_brain_AXFLAIR_202_6000508,10,1,13.624622344970703
AXFLAIR,DPMM,file_brain_AXFLAIR_202_6000508,11,1,13.667510986328125
AXFLAIR,DPMM,file_brain_AXFLAIR_202_6000508,12,1,13.638750076293945
AXFLAIR,DPMM,file_brain_AXFLAIR_202_6000508,13,1,13.795964241027832
AXFLAIR,DPMM,file_brain_AXFLAIR_200_6002641,3,1,12.324817657470703
AXFLAIR,DPMM,file_brain_AXFLAIR_200_6002641,7,1,10.805566787719727
AXFLAIR,DPMM,file_brain_AXFLAIR_200_6002641,8,1,10.802252769470215
AXFLAIR,DPMM,file_brain_AXFLAIR_201_6003008,0,1,14.513802528381348
AXFLAIR,DPMM,file_brain_AXFLAIR_201_6003008,1,1,14.46181583404541
AXFLAIR,DPMM,file_brain_AXFLAIR_201_6003008,2,1,14.933816909790039
AXFLAIR,DPMM,file_brain_AXFLAIR_201_6003008,3,1,14.024059295654297
AXFLAIR,DPMM,file_brain_AXFLAIR_201_6003008,4,1,13.326519012451172
AXFLAIR,DPMM,file_brain_AXFLAIR_201_6003008,5,1,13.275948524475098
AXFLAIR,DPMM,file_brain_AXFLAIR_201_6003008,6,1,13.063411712646484
AXFLAIR,DPMM,file_brain_AXFLAIR_201_6003008,7,1,13.816850662231445
AXFLAIR,DPMM,file_brain_AXFLAIR_201_6003008,8,1,13.842848777770996
AXFLAIR,DPMM,file_brain_AXFLAIR_201_6003008,9,1,13.010364532470703
AXFLAIR,DPMM,file_brain_AXFLAIR_201_6003008,10,1,12.527131080627441
AXFLAIR,DPMM,file_brain_AXFLAIR_201_6003008,11,1,11.993134498596191
AXFLAIR,DPMM,file_brain_AXFLAIR_201_6003008,12,1,11.81087589263916
AXFLAIR,DPMM,file_brain_AXFLAIR_201_6003008,13,1,12.142253875732422
AXFLAIR,DPMM,file_brain_AXFLAIR_201_6002914,0,1,13.957996368408203
AXFLAIR,DPMM,file_brain_AXFLAIR_201_6002914,1,1,14.28254222869873
AXFLAIR,DPMM,file_brain_AXFLAIR_201_6002914,2,1,13.905439376831055
AXFLAIR,DPMM,file_brain_AXFLAIR_201_6002914,3,1,12.777504920959473
AXFLAIR,DPMM,file_brain_AXFLAIR_201_6002914,6,1,11.62264347076416
AXFLAIR,DPMM,file_brain_AXFLAIR_202_6000421,0,1,14.29977035522461
AXFLAIR,DPMM,file_brain_AXFLAIR_202_6000421,1,1,13.785074234008789
AXFLAIR,DPMM,file_brain_AXFLAIR_202_6000421,2,1,13.694337844848633
AXFLAIR,DPMM,file_brain_AXFLAIR_202_6000421,3,1,14.435538291931152
AXFLAIR,DPMM,file_brain_AXFLAIR_202_6000421,4,1,13.969270706176758
AXFLAIR,DPMM,file_brain_AXFLAIR_202_6000421,5,1,14.008031845092773
AXFLAIR,DPMM,file_brain_AXFLAIR_202_6000421,6,1,14.265891075134277
AXFLAIR,DPMM,file_brain_AXFLAIR_202_6000421,7,1,14.493433952331543
AXFLAIR,DPMM,file_brain_AXFLAIR_202_6000421,8,1,15.229440689086914
AXFLAIR,DPMM,file_brain_AXFLAIR_202_6000421,9,1,14.904566764831543
AXFLAIR,DPMM,file_brain_AXFLAIR_202_6000421,10,1,15.387371063232422
AXFLAIR,DPMM,file_brain_AXFLAIR_202_6000421,11,1,14.150190353393555
AXFLAIR,DPMM,file_brain_AXFLAIR_202_6000421,12,1,14.205962181091309
AXFLAIR,DPMM,file_brain_AXFLAIR_202_6000421,13,1,14.212326049804688
AXFLAIR,DPMM,file_brain_AXFLAIR_202_6000421,14,1,14.08780288696289
AXFLAIR,DPMM,file_brain_AXFLAIR_201_6002960,0,1,13.543131828308105
AXFLAIR,DPMM,file_brain_AXFLAIR_201_6002960,1,1,12.932211875915527
AXFLAIR,DPMM,file_brain_AXFLAIR_201_6002960,2,1,13.394652366638184
AXFLAIR,DPMM,file_brain_AXFLAIR_201_6002960,3,1,13.623632431030273
AXFLAIR,DPMM,file_brain_AXFLAIR_201_6002960,4,1,13.750921249389648
AXFLAIR,DPMM,file_brain_AXFLAIR_201_6002960,5,1,12.739996910095215
AXFLAIR,DPMM,file_brain_AXFLAIR_201_6002960,6,1,12.585250854492188
AXFLAIR,DPMM,file_brain_AXFLAIR_201_6002960,7,1,13.11557674407959
AXFLAIR,DPMM,file_brain_AXFLAIR_201_6002960,8,1,12.732163429260254
AXFLAIR,DPMM,file_brain_AXFLAIR_201_6002960,9,1,12.867951393127441
AXFLAIR,DPMM,file_brain_AXFLAIR_203_6000875,0,1,13.686555862426758
AXFLAIR,DPMM,file_brain_AXFLAIR_203_6000875,1,1,14.185972213745117
AXFLAIR,DPMM,file_brain_AXFLAIR_203_6000875,2,1,14.46683120727539
AXFLAIR,DPMM,file_brain_AXFLAIR_203_6000875,3,1,14.406513214111328
AXFLAIR,DPMM,file_brain_AXFLAIR_203_6000875,4,1,14.249948501586914
AXFLAIR,DPMM,file_brain_AXFLAIR_203_6000875,5,1,14.131071090698242
AXFLAIR,DPMM,file_brain_AXFLAIR_203_6000875,6,1,13.684718132019043
AXFLAIR,DPMM,file_brain_AXFLAIR_203_6000875,7,1,13.534296989440918
AXFLAIR,DPMM,file_brain_AXFLAIR_203_6000875,8,1,13.504349708557129
AXFLAIR,DPMM,file_brain_AXFLAIR_203_6000875,9,1,14.467045783996582
AXFLAIR,DPMM,file_brain_AXFLAIR_203_6000875,10,1,14.487908363342285
AXFLAIR,DPMM,file_brain_AXFLAIR_203_6000875,11,1,13.188814163208008
AXFLAIR,DPMM,file_brain_AXFLAIR_203_6000875,12,1,13.772648811340332
AXFLAIR,DPMM,file_brain_AXFLAIR_203_6000875,13,1,13.560843467712402
AXFLAIR,DPMM,file_brain_AXFLAIR_203_6000875,14,1,13.990224838256836
AXFLAIR,DPMM,file_brain_AXFLAIR_203_6000875,15,1,14.762324333190918
AXFLAIR,DPMM,file_brain_AXFLAIR_210_6001953,10,1,11.640207290649414
AXFLAIR,DPMM,file_brain_AXFLAIR_201_6003018,0,1,14.387636184692383
AXFLAIR,DPMM,file_brain_AXFLAIR_201_6003018,1,1,13.966535568237305
AXFLAIR,DPMM,file_brain_AXFLAIR_201_6003018,2,1,13.631092071533203
AXFLAIR,DPMM,file_brain_AXFLAIR_201_6003018,3,1,14.168264389038086
AXFLAIR,DPMM,file_brain_AXFLAIR_201_6003018,4,1,14.283100128173828
AXFLAIR,DPMM,file_brain_AXFLAIR_201_6003018,5,1,14.684624671936035
AXFLAIR,DPMM,file_brain_AXFLAIR_201_6003018,6,1,14.008040428161621
AXFLAIR,DPMM,file_brain_AXFLAIR_201_6003018,7,1,13.269002914428711
AXFLAIR,DPMM,file_brain_AXFLAIR_201_6003018,8,1,12.588348388671875
AXFLAIR,DPMM,file_brain_AXFLAIR_200_6002595,2,1,13.173725128173828
AXFLAIR,DPMM,file_brain_AXFLAIR_200_6002595,3,1,13.090079307556152
AXFLAIR,DPMM,file_brain_AXFLAIR_200_6002595,4,1,12.973241806030273
AXFLAIR,DPMM,file_brain_AXFLAIR_200_6002595,5,1,11.90540599822998
AXFLAIR,DPMM,file_brain_AXFLAIR_203_6000898,1,1,13.894536018371582
AXFLAIR,DPMM,file_brain_AXFLAIR_203_6000898,2,1,14.306523323059082
AXFLAIR,DPMM,file_brain_AXFLAIR_203_6000898,3,1,13.950729370117188
AXFLAIR,DPMM,file_brain_AXFLAIR_203_6000898,5,1,14.516026496887207
AXFLAIR,DPMM,file_brain_AXFLAIR_203_6000912,7,1,11.933965682983398
AXFLAIR,DPMM,file_brain_AXFLAIR_203_6000912,8,1,11.865096092224121
AXFLAIR,DPMM,file_brain_AXFLAIR_203_6000912,9,1,11.944660186767578
AXFLAIR,DPMM,file_brain_AXFLAIR_202_6000511,0,1,13.914873123168945
AXFLAIR,DPMM,file_brain_AXFLAIR_202_6000511,1,1,13.331750869750977
AXFLAIR,DPMM,file_brain_AXFLAIR_202_6000557,0,1,14.679149627685547
AXFLAIR,DPMM,file_brain_AXFLAIR_202_6000557,1,1,14.07822322845459
AXFLAIR,DPMM,file_brain_AXFLAIR_202_6000557,2,1,14.37359619140625
AXFLAIR,DPMM,file_brain_AXFLAIR_202_6000557,3,1,13.624250411987305
AXFLAIR,DPMM,file_brain_AXFLAIR_202_6000557,4,1,13.84780216217041
AXFLAIR,DPMM,file_brain_AXFLAIR_202_6000557,5,1,12.594476699829102
AXFLAIR,DPMM,file_brain_AXFLAIR_210_6001901,0,1,14.389647483825684
AXFLAIR,DPMM,file_brain_AXFLAIR_210_6001901,1,1,13.834258079528809
AXFLAIR,DPMM,file_brain_AXFLAIR_210_6001901,2,1,14.015420913696289
AXFLAIR,DPMM,file_brain_AXFLAIR_200_6002543,0,1,13.953858375549316
AXFLAIR,DPMM,file_brain_AXFLAIR_200_6002543,1,1,13.492952346801758
AXFLAIR,DPMM,file_brain_AXFLAIR_201_6002878,0,1,14.309500694274902
AXFLAIR,DPMM,file_brain_AXFLAIR_201_6002878,1,1,14.106218338012695
AXFLAIR,DPMM,file_brain_AXFLAIR_201_6002878,2,1,14.063971519470215
AXFLAIR,DPMM,file_brain_AXFLAIR_201_6002878,3,1,13.732768058776855
AXFLAIR,DPMM,file_brain_AXFLAIR_201_6002878,4,1,13.207874298095703
AXFLAIR,DPMM,file_brain_AXFLAIR_201_6002878,5,1,12.892069816589355
AXFLAIR,DPMM,file_brain_AXFLAIR_201_6002878,6,1,12.302873611450195
AXFLAIR,DPMM,file_brain_AXFLAIR_201_6002878,7,1,11.847678184509277
AXFLAIR,DPMM,file_brain_AXFLAIR_201_6002878,8,1,12.003663063049316
AXFLAIR,DPMM,file_brain_AXFLAIR_201_6002878,9,1,12.478443145751953
AXFLAIR,DPMM,file_brain_AXFLAIR_201_6002878,10,1,11.914714813232422
AXFLAIR,DPMM,file_brain_AXFLAIR_201_6002878,11,1,11.81325626373291
AXFLAIR,DPMM,file_brain_AXFLAIR_201_6002878,12,1,14.131536483764648
AXFLAIR,DPMM,file_brain_AXFLAIR_201_6002878,13,1,12.882340431213379
AXT1,DPMM,file_brain_AXT1_202_6000534,7,0,13.85500431060791
AXT1,DPMM,file_brain_AXT1_202_2020468,4,0,12.224288940429688
AXT1,DPMM,file_brain_AXT1_202_6000312,7,0,13.04648494720459
AXT1,DPMM,file_brain_AXT1_202_2020468,5,0,13.227250099182129
AXT1,DPMM,file_brain_AXT1_202_2020478,5,0,13.001922607421875
AXT1,DPMM,file_brain_AXT1_201_6002717,5,0,12.057727813720703
AXT1,DPMM,file_brain_AXT1_202_2020184,6,0,14.339232444763184
AXT1,DPMM,file_brain_AXT1_202_6000305,10,0,11.802608489990234
AXT1,DPMM,file_brain_AXT1_206_2060097,5,0,11.351442337036133
AXT1,DPMM,file_brain_AXT1_202_2020195,7,0,13.207660675048828
AXT1,DPMM,file_brain_AXT1_202_6000305,9,0,14.487659454345703
AXT1,DPMM,file_brain_AXT1_202_6000408,8,0,11.715118408203125
AXT1,DPMM,file_brain_AXT1_202_2020167,11,0,13.561389923095703
AXT1,DPMM,file_brain_AXT1_202_6000408,11,0,12.864177703857422
AXT1,DPMM,file_brain_AXT1_202_6000408,12,0,11.139018058776855
AXT1,DPMM,file_brain_AXT1_202_2020496,9,0,14.190460205078125
AXT1,DPMM,file_brain_AXT1_202_6000534,5,0,12.882683753967285
AXT1,DPMM,file_brain_AXT1_202_2020199,6,0,10.80984115600586
AXT1,DPMM,file_brain_AXT1_202_2020186,7,0,13.06871223449707
AXT1,DPMM,file_brain_AXT1_202_6000591,7,0,13.062381744384766
AXT1,DPMM,file_brain_AXT1_202_6000339,4,0,11.355097770690918
AXT1,DPMM,file_brain_AXT1_202_2020199,5,0,12.701415061950684
AXT1,DPMM,file_brain_AXT1_206_2060051,12,0,12.443511009216309
AXT1,DPMM,file_brain_AXT1_202_2020184,9,0,12.122559547424316
AXT1,DPMM,file_brain_AXT1_201_6002717,11,0,12.766535758972168
AXT1,DPMM,file_brain_AXT1_202_2020509,4,0,14.093196868896484
AXT1,DPMM,file_brain_AXT1_202_2020186,10,0,13.022858619689941
AXT1,DPMM,file_brain_AXT1_206_2060097,12,0,12.889766693115234
AXT1,DPMM,file_brain_AXT1_202_6000534,11,0,13.178248405456543
AXT1,DPMM,file_brain_AXT1_202_2020511,5,0,13.990275382995605
AXT1,DPMM,file_brain_AXT1_202_6000591,4,0,12.607224464416504
AXT1,DPMM,file_brain_AXT1_202_2020248,11,0,13.182286262512207
AXT1,DPMM,file_brain_AXT1_206_2060051,10,0,11.87895679473877
AXT1,DPMM,file_brain_AXT1_202_2020496,7,0,12.457134246826172
AXT1,DPMM,file_brain_AXT1_202_2020184,8,0,13.565481185913086
AXT1,DPMM,file_brain_AXT1_202_2020167,9,0,12.421147346496582
AXT1,DPMM,file_brain_AXT1_202_2020496,4,0,13.932374000549316
AXT1,DPMM,file_brain_AXT1_202_6000591,6,0,12.79963493347168
AXT1,DPMM,file_brain_AXT1_206_2060051,8,0,12.34937858581543
AXT1,DPMM,file_brain_AXT1_202_2020511,9,0,12.122760772705078
AXT1,DPMM,file_brain_AXT1_202_2020551,12,0,12.324588775634766
AXT1,DPMM,file_brain_AXT1_206_2060097,9,0,13.67962646484375
AXT1,DPMM,file_brain_AXT1_202_2020248,9,0,13.949077606201172
AXT1,DPMM,file_brain_AXT1_202_2020076,5,0,12.478494644165039
AXT1,DPMM,file_brain_AXT1_202_2020195,8,0,13.38821029663086
AXT1,DPMM,file_brain_AXT1_201_6002811,11,0,12.576416015625
AXT1,DPMM,file_brain_AXT1_202_2020511,4,0,12.449753761291504
AXT1,DPMM,file_brain_AXT1_202_6000305,11,0,12.103578567504883
AXT1,DPMM,file_brain_AXT1_202_2020468,6,0,11.799012184143066
AXT1,DPMM,file_brain_AXT1_202_2020186,9,0,13.918193817138672
AXT1,DPMM,file_brain_AXT1_202_6000305,5,0,13.096729278564453
AXT1,DPMM,file_brain_AXT1_201_6002717,10,0,11.77826976776123
AXT1,DPMM,file_brain_AXT1_202_6000339,10,0,12.181662559509277
AXT1,DPMM,file_brain_AXT1_202_2020186,11,0,12.328145027160645
AXT1,DPMM,file_brain_AXT1_202_2020076,10,0,12.338309288024902
AXT1,DPMM,file_brain_AXT1_202_2020496,6,0,13.081446647644043
AXT1,DPMM,file_brain_AXT1_202_2020509,6,0,13.265700340270996
AXT1,DPMM,file_brain_AXT1_202_6000534,4,0,11.89999771118164
AXT1,DPMM,file_brain_AXT1_202_2020167,10,0,12.480466842651367
AXT1,DPMM,file_brain_AXT1_202_6000591,11,0,13.462000846862793
AXT1,DPMM,file_brain_AXT1_201_6002717,7,0,13.70261287689209
AXT1,DPMM,file_brain_AXT1_202_6000312,10,0,14.171346664428711
AXT1,DPMM,file_brain_AXT1_202_2020323,6,0,13.544814109802246
AXT1,DPMM,file_brain_AXT1_202_6000312,12,0,11.557692527770996
AXT1,DPMM,file_brain_AXT1_202_6000312,6,0,11.614089965820312
AXT1,DPMM,file_brain_AXT1_202_2020109,8,0,12.805160522460938
AXT1,DPMM,file_brain_AXT1_202_6000408,10,0,12.22284984588623
AXT1,DPMM,file_brain_AXT1_202_2020184,4,0,12.10393238067627
AXT1,DPMM,file_brain_AXT1_202_6000312,4,0,13.073179244995117
AXT1,DPMM,file_brain_AXT1_202_6000534,12,0,13.098922729492188
AXT1,DPMM,file_brain_AXT1_202_2020496,11,0,12.115358352661133
AXT1,DPMM,file_brain_AXT1_202_2020076,6,0,12.039623260498047
AXT1,DPMM,file_brain_AXT1_202_6000312,8,0,13.731302261352539
AXT1,DPMM,file_brain_AXT1_202_6000534,8,0,12.808730125427246
AXT1,DPMM,file_brain_AXT1_202_2020334,0,1,13.336821556091309
AXT1,DPMM,file_brain_AXT1_202_2020334,1,1,12.970236778259277
AXT1,DPMM,file_brain_AXT1_202_2020334,2,1,13.645097732543945
AXT1,DPMM,file_brain_AXT1_202_2020334,3,1,14.124459266662598
AXT1,DPMM,file_brain_AXT1_202_2020334,4,1,14.359776496887207
AXT1,DPMM,file_brain_AXT1_202_2020334,5,1,13.342698097229004
AXT1,DPMM,file_brain_AXT1_202_2020334,6,1,13.180471420288086
AXT1,DPMM,file_brain_AXT1_202_2020334,7,1,12.335488319396973
AXT1,DPMM,file_brain_AXT1_202_2020334,8,1,12.402761459350586
AXT1,DPMM,file_brain_AXT1_202_2020334,9,1,12.377284049987793
AXT1,DPMM,file_brain_AXT1_202_2020334,10,1,13.044757843017578
AXT1,DPMM,file_brain_AXT1_202_2020334,11,1,13.140331268310547
AXT1,DPMM,file_brain_AXT1_202_2020334,12,1,14.050307273864746
AXT1,DPMM,file_brain_AXT1_202_2020334,13,1,14.795937538146973
AXT1,DPMM,file_brain_AXT1_202_2020334,14,1,14.263548851013184
AXT1,DPMM,file_brain_AXT1_202_2020334,15,1,14.428269386291504
AXT1,DPMM,file_brain_AXT1_202_6000339,0,1,14.217926025390625
AXT1,DPMM,file_brain_AXT1_202_6000339,1,1,14.956446647644043
AXT1,DPMM,file_brain_AXT1_202_6000339,2,1,14.671196937561035
AXT1,DPMM,file_brain_AXT1_201_6002836,0,1,14.176519393920898
AXT1,DPMM,file_brain_AXT1_201_6002836,1,1,14.160350799560547
AXT1,DPMM,file_brain_AXT1_201_6002836,2,1,13.724518775939941
AXT1,DPMM,file_brain_AXT1_201_6002836,3,1,13.853229522705078
AXT1,DPMM,file_brain_AXT1_201_6002836,4,1,13.675116539001465
AXT1,DPMM,file_brain_AXT1_201_6002836,5,1,14.112239837646484
AXT1,DPMM,file_brain_AXT1_201_6002836,6,1,13.530057907104492
AXT1,DPMM,file_brain_AXT1_201_6002836,7,1,13.080918312072754
AXT1,DPMM,file_brain_AXT1_201_6002779,11,1,12.70137882232666
AXT1,DPMM,file_brain_AXT1_201_6002779,12,1,13.280312538146973
AXT1,DPMM,file_brain_AXT1_201_6002779,13,1,14.141325950622559
AXT1,DPMM,file_brain_AXT1_201_6002779,14,1,14.107892990112305
AXT1,DPMM,file_brain_AXT1_201_6002779,15,1,13.397769927978516
AXT1,DPMM,file_brain_AXT1_202_2020509,7,1,11.39273452758789
AXT1,DPMM,file_brain_AXT1_202_2020509,8,1,11.524128913879395
AXT1,DPMM,file_brain_AXT1_202_2020509,9,1,11.460643768310547
AXT1,DPMM,file_brain_AXT1_202_2020509,10,1,12.16275691986084
AXT1,DPMM,file_brain_AXT1_202_2020509,11,1,12.994583129882812
AXT1,DPMM,file_brain_AXT1_202_2020509,12,1,13.424684524536133
AXT1,DPMM,file_brain_AXT1_202_2020509,13,1,13.334827423095703
AXT1,DPMM,file_brain_AXT1_202_2020509,14,1,13.656490325927734
AXT1,DPMM,file_brain_AXT1_202_2020509,15,1,15.778824806213379
AXT1,DPMM,file_brain_AXT1_202_2020418,0,1,13.637578964233398
AXT1,DPMM,file_brain_AXT1_202_2020418,1,1,13.452804565429688
AXT1,DPMM,file_brain_AXT1_202_2020418,2,1,13.469850540161133
AXT1,DPMM,file_brain_AXT1_202_2020418,3,1,14.231907844543457
AXT1,DPMM,file_brain_AXT1_202_2020418,4,1,12.687898635864258
AXT1,DPMM,file_brain_AXT1_202_2020418,5,1,12.896306037902832
AXT1,DPMM,file_brain_AXT1_202_2020418,6,1,12.73228645324707
AXT1,DPMM,file_brain_AXT1_202_2020418,7,1,12.780701637268066
AXT1,DPMM,file_brain_AXT1_202_2020418,8,1,12.755547523498535
AXT1,DPMM,file_brain_AXT1_202_2020418,9,1,12.89003849029541
AXT1,DPMM,file_brain_AXT1_202_2020418,10,1,12.066330909729004
AXT1,DPMM,file_brain_AXT1_202_2020418,11,1,12.910675048828125
AXT1,DPMM,file_brain_AXT1_202_2020418,12,1,13.161051750183105
AXT1,DPMM,file_brain_AXT1_202_2020418,13,1,12.99014663696289
AXT1,DPMM,file_brain_AXT1_202_2020068,0,1,13.836381912231445
AXT1,DPMM,file_brain_AXT1_202_2020068,1,1,13.703078269958496
AXT1,DPMM,file_brain_AXT1_202_2020068,2,1,13.602310180664062
AXT1,DPMM,file_brain_AXT1_202_2020068,3,1,12.977338790893555
AXT1,DPMM,file_brain_AXT1_202_2020068,4,1,13.19040584564209
AXT1,DPMM,file_brain_AXT1_202_2020068,5,1,13.323996543884277
AXT1,DPMM,file_brain_AXT1_202_2020068,6,1,11.97671890258789
AXT1,DPMM,file_brain_AXT1_202_2020068,7,1,12.641092300415039
AXT1,DPMM,file_brain_AXT1_202_2020068,8,1,12.749655723571777
AXT1,DPMM,file_brain_AXT1_202_2020068,9,1,13.197432518005371
AXT1,DPMM,file_brain_AXT1_202_2020068,10,1,12.875383377075195
AXT1,DPMM,file_brain_AXT1_202_2020068,11,1,13.348740577697754
AXT1,DPMM,file_brain_AXT1_202_2020068,12,1,14.106709480285645
AXT1,DPMM,file_brain_AXT1_202_2020068,13,1,14.349699020385742
AXT1,DPMM,file_brain_AXT1_202_2020068,14,1,14.45567512512207
AXT1,DPMM,file_brain_AXT1_202_2020068,15,1,14.760107040405273
AXT1,DPMM,file_brain_AXT1_201_6002811,0,1,14.104110717773438
AXT1,DPMM,file_brain_AXT1_201_6002811,1,1,15.063886642456055
AXT1,DPMM,file_brain_AXT1_201_6002811,2,1,14.61416244506836
AXT1,DPMM,file_brain_AXT1_201_6002811,3,1,14.117904663085938
AXT1,DPMM,file_brain_AXT1_201_6002811,4,1,13.549052238464355
AXT1,DPMM,file_brain_AXT1_201_6002811,5,1,14.168096542358398
AXT1,DPMM,file_brain_AXT1_201_6002811,6,1,14.369100570678711
AXT1,DPMM,file_brain_AXT1_201_6002811,7,1,14.380924224853516
AXT1,DPMM,file_brain_AXT1_201_6002811,8,1,13.918170928955078
AXT1,DPMM,file_brain_AXT1_201_6002811,9,1,14.568085670471191
AXT1,DPMM,file_brain_AXT1_201_6002811,10,1,13.840275764465332
AXT1,DPMM,file_brain_AXT1_202_2020551,2,1,13.47716236114502
AXT1,DPMM,file_brain_AXT1_202_2020551,3,1,13.012864112854004
AXT1,DPMM,file_brain_AXT1_202_2020551,4,1,13.330567359924316
AXT1,DPMM,file_brain_AXT1_202_2020551,5,1,12.74700927734375
AXT1,DPMM,file_brain_AXT1_202_2020551,6,1,12.672178268432617
AXT1,DPMM,file_brain_AXT1_202_2020551,7,1,11.881856918334961
AXT1,DPMM,file_brain_AXT1_202_2020551,8,1,12.071125984191895
AXT1,DPMM,file_brain_AXT1_202_2020551,9,1,11.938511848449707
AXT1,DPMM,file_brain_AXT1_206_2060097,8,1,12.223928451538086
AXT1,DPMM,file_brain_AXT1_202_6000408,0,1,13.986570358276367
AXT1,DPMM,file_brain_AXT1_202_6000408,1,1,13.753899574279785
AXT1,DPMM,file_brain_AXT1_202_6000408,2,1,12.997757911682129
AXT1,DPMM,file_brain_AXT1_202_6000408,3,1,12.960118293762207
AXT1,DPMM,file_brain_AXT1_206_2060051,2,1,13.843975067138672
AXT1,DPMM,file_brain_AXT1_206_2060051,3,1,13.031953811645508
AXT1,DPMM,file_brain_AXT1_206_2060051,4,1,12.362059593200684
AXT1,DPMM,file_brain_AXT1_202_2020009,0,1,14.425246238708496
AXT1,DPMM,file_brain_AXT1_202_2020009,1,1,14.665060997009277
AXT1,DPMM,file_brain_AXT1_202_2020009,2,1,15.23734188079834
AXT1,DPMM,file_brain_AXT1_202_2020009,3,1,14.918659210205078
AXT1,DPMM,file_brain_AXT1_202_2020009,4,1,14.228399276733398
AXT1,DPMM,file_brain_AXT1_202_2020009,5,1,13.73919677734375
AXT1,DPMM,file_brain_AXT1_202_2020009,6,1,13.641935348510742
AXT1,DPMM,file_brain_AXT1_202_2020009,7,1,13.468195915222168
AXT1,DPMM,file_brain_AXT1_202_2020009,8,1,13.61330509185791
AXT1,DPMM,file_brain_AXT1_202_2020009,9,1,13.348873138427734
AXT1,DPMM,file_brain_AXT1_202_2020009,10,1,13.989446640014648
AXT1,DPMM,file_brain_AXT1_202_2020009,11,1,13.900589942932129
AXT1,DPMM,file_brain_AXT1_202_2020009,12,1,14.25278091430664
AXT1,DPMM,file_brain_AXT1_202_2020009,13,1,14.143819808959961
AXT1,DPMM,file_brain_AXT1_202_2020301,0,1,15.021930694580078
AXT1,DPMM,file_brain_AXT1_202_2020301,1,1,15.008678436279297
AXT1,DPMM,file_brain_AXT1_202_2020301,2,1,13.925806045532227
AXT1,DPMM,file_brain_AXT1_202_2020301,3,1,13.427184104919434
AXT1,DPMM,file_brain_AXT1_202_2020301,4,1,13.493011474609375
AXT1,DPMM,file_brain_AXT1_202_2020301,5,1,12.898313522338867
AXT1,DPMM,file_brain_AXT1_202_2020301,6,1,11.975480079650879
AXT1,DPMM,file_brain_AXT1_202_2020301,7,1,12.43911361694336
AXT1,DPMM,file_brain_AXT1_202_2020301,8,1,12.584657669067383
AXT1,DPMM,file_brain_AXT1_202_2020301,9,1,12.155550003051758
AXT1,DPMM,file_brain_AXT1_202_2020301,10,1,11.97933578491211
AXT1,DPMM,file_brain_AXT1_202_2020301,11,1,12.810653686523438
AXT1,DPMM,file_brain_AXT1_202_2020301,12,1,13.385623931884766
AXT1,DPMM,file_brain_AXT1_202_2020301,13,1,14.707063674926758
AXT1,DPMM,file_brain_AXT1_202_2020156,0,1,15.08335018157959
AXT1,DPMM,file_brain_AXT1_202_2020156,1,1,14.695561408996582
AXT1,DPMM,file_brain_AXT1_202_2020156,2,1,13.773172378540039
AXT1,DPMM,file_brain_AXT1_202_2020156,3,1,14.104368209838867
AXT1,DPMM,file_brain_AXT1_202_2020156,4,1,13.920866012573242
AXT1,DPMM,file_brain_AXT1_202_2020156,5,1,12.81283950805664
AXT1,DPMM,file_brain_AXT1_202_2020156,6,1,12.296242713928223
AXT1,DPMM,file_brain_AXT1_202_2020156,7,1,12.873819351196289
AXT1,DPMM,file_brain_AXT1_202_2020156,8,1,12.071096420288086
AXT1,DPMM,file_brain_AXT1_202_2020156,9,1,11.969609260559082
AXT1,DPMM,file_brain_AXT1_202_2020156,10,1,11.846578598022461
AXT1,DPMM,file_brain_AXT1_202_2020156,11,1,13.103954315185547
AXT1,DPMM,file_brain_AXT1_202_2020156,12,1,13.058724403381348
AXT1,DPMM,file_brain_AXT1_202_2020156,13,1,13.73343276977539
AXT1,DPMM,file_brain_AXT1_202_2020156,14,1,13.880157470703125
AXT1,DPMM,file_brain_AXT1_202_2020156,15,1,13.625493049621582
